productId,name,dimensions_weight,dimensions_weightUnit,dimensions_length,dimensions_lengthUnit,dimensions_width,dimensions_widthUnit,dimensions_height,dimensions_heightUnit,dimensions_volume,dimensions_volumeUnit,constraints_minUnit,constraints_stepSize,packaging_unit,packaging_unitName,packaging_packageName,packaging_amountPerPackage,packaging_boxName,packaging_amountPerBox,packaging_palletName,packaging_amountPerPallet,group_name,variant_features_0_key,variant_features_0_value,variant_parentSku,variant_genericDisplayName,variant_index
PCA960CAFEMO2,ESMALTE AL AGUA COPPER CAFE,1.5,kg,11,cm,11,cm,13,cm,1573,cm³,6,6,1/4 GL,1/4 Galon,Display,6,Medio Pallet,228,Pallet,450,Esmalte al Agua,Color,CAFE,PCA960ECOPPBL2,ESMALTE AL AGUA COPPER 1/4 GALON,1
PCA960ECOPPBL2,ESMALTE AL AGUA COPPER BLANCO,1.5,kg,11,cm,11,cm,13,cm,1573,cm³,6,6,1/4 GL,1/4 Galon,Display,6,Medio Pallet,228,Pallet,450,Esmalte al Agua,Color,BLANCO,PCA960ECOPPBL2,ESMALTE AL AGUA COPPER 1/4 GALON,0
PANES930BL056,ESMALTE AL AGUA SEMIBRILLO 930 BLANCO,25,kg,31,cm,31,cm,30,cm,29.01,cm³,1,1,BD4,Balde 4 Galones,Display,1,Medio Pallet,18,Pallet,36,Esmalte al Agua,Color,BLANCO,PANES930BL056,ESMALTE AL AGUA SEMIBRILLO 930 BALDE,0
PCA108INCO006,ESMALTE ANTICORROSIVO DOBLE ACCION BASE OSCURA,25,kg,31,cm,31,cm,30,cm,29.01,cm³,1,1,BD4,Balde 4 Galones,Display,1,Medio Pallet,18,Pallet,36,Pintura para Metales,Color,BASE OSCURA,PCA108BLAN006,ESMALTE ANTICORROSIVO DOBLE ACCION BALDE,1
PCA824PASELS6,PASTA ELASTICA BLANCA,25,kg,31,cm,31,cm,30,cm,29.01,cm³,1,1,BD4,Balde 4 Galones,Display,1,Medio Pallet,18,Pallet,36,Pasta,Color,BLANCO,PCA824PASELS6,PASTA ELASTICA BALDE,0
PCA824PASTA06,PASTA MURO,25,kg,31,cm,31,cm,30,cm,29.01,cm³,1,1,BD4,Balde 4 Galones,Display,1,Medio Pallet,18,Pallet,36,Pasta,,,,,
PCA904BASIN06,OLEO SEMI BRILLO BASE OSCURA,25,kg,31,cm,31,cm,30,cm,29.01,cm³,1,1,BD4,Balde 4 Galones,Display,1,Medio Pallet,18,Pallet,36,Oleo,Color,BASE OSCURA,PCA904BLAN056,OLEO SEMI BRILLO BALDE,1
PCA907BASE056,ZINC ACRYL BASE INCOLORA,25,kg,31,cm,31,cm,30,cm,29.01,cm³,1,1,BD4,Balde 4 Galones,Display,1,Medio Pallet,18,Pallet,36,Pinturas Especiales,Color,BASE INCOLORA,PCA907BLAN056,ZINC ACRYL BALDE,1
PCA908BASIN06,IMPRIMANTE TEXTURA BASE INCOLORA,25,kg,31,cm,31,cm,30,cm,29.01,cm³,1,1,BD4,Balde 4 Galones,Display,1,Medio Pallet,18,Pallet,36,Texturas,Color,BASE INCOLORA,PCA912IMPTEX6,IMPRIMANTE TEXTURA BASE INCOLORA BALDE,1
PCA909BCOL006,ESTUCO HORMIGON BASE INCOLORA,25,kg,31,cm,31,cm,30,cm,29.01,cm³,1,1,BD4,Balde 4 Galones,Display,1,Medio Pallet,18,Pallet,36,Texturas,Color,BASE INCOLORA,PCA909BLAN006,ESTUCO HORMIGON BASE INCOLORA BALDE,1
PCA909BLAN006,ESTUCO HORMIGON BLANCO,25,kg,31,cm,31,cm,30,cm,29.01,cm³,1,1,BD4,Balde 4 Galones,Display,1,Medio Pallet,18,Pallet,36,Texturas,Color,BLANCO,PCA909BLAN006,ESTUCO HORMIGON BASE INCOLORA BALDE,0
PCA909G10BI06,ESTUCO ELASTOMERICO G-10 BASE INCOLORA,25,kg,31,cm,31,cm,30,cm,29.01,cm³,1,1,BD4,Balde 4 Galones,Display,1,Medio Pallet,18,Pallet,36,Texturas,Color,BASE INCOLORA,PCA909G10BL06,ESTUCO ELASTOMERICO G-10 BALDE,1
PCA909G10BL06,ESTUCO ELASTOMERICO G-10 BLANCO,25,kg,31,cm,31,cm,30,cm,29.01,cm³,1,1,BD4,Balde 4 Galones,Display,1,Medio Pallet,18,Pallet,36,Texturas,Color,BLANCO,PCA909G10BL06,ESTUCO ELASTOMERICO G-10 BALDE,0
PCA909G25BI06,ESTUCO ELASTOMERICO G-25 INCOLORO,25,kg,31,cm,31,cm,30,cm,29.01,cm³,1,1,BD4,Balde 4 Galones,Display,1,Medio Pallet,18,Pallet,36,Texturas,Color,INCOLORO,PCA909G25BL06,ESTUCO ELASTOMERICO G-25 BALDE,1
PCA909G25BL06,ESTUCO ELASTOMERICO G-25 BLANCO,25,kg,31,cm,31,cm,30,cm,29.01,cm³,1,1,BD4,Balde 4 Galones,Display,1,Medio Pallet,18,Pallet,36,Texturas,Color,BLANCO,PCA909G25BL06,ESTUCO ELASTOMERICO G-25 BALDE,0
PCA909TEXREN6,TEXTURENE G-10 BLANCO,25,kg,31,cm,31,cm,30,cm,29.01,cm³,1,1,BD4,Balde 4 Galones,Display,1,Medio Pallet,18,Pallet,36,Texturas,Color,BLANCO,PCA909TEXREN6,TEXTURENE G-10 BALDE,0
PCA912EI10BL6,TEXTU EIFS G-10 BLANCO,25,kg,31,cm,31,cm,30,cm,29.01,cm³,1,1,BD4,Balde 4 Galones,Display,1,Medio Pallet,18,Pallet,36,Texturas,Color,BLANCO,PCA912EI10BL6,TEXTU EIFS G-10 BALDE,0
PCA912EI25BL6,TEXTU EIFS G-25 BLANCO,25,kg,31,cm,31,cm,30,cm,29.01,cm³,1,1,BD4,Balde 4 Galones,Display,1,Medio Pallet,18,Pallet,36,Texturas,Color,BLANCO,PCA912EI25BL6,TEXTU EIFS G-25 BALDE,0
PCA912EIFSIN6,TEXTU EIFS G-10 BASE INCOLORA,25,kg,31,cm,31,cm,30,cm,29.01,cm³,1,1,BD4,Balde 4 Galones,Display,1,Medio Pallet,18,Pallet,36,Texturas,Color,BASE INCOLORA,PCA912EI10BL6,TEXTU EIFS G-10 BALDE,1
PCA912G25BIN6,TEXTU EIFS G-25 BASE INCOLORA,25,kg,31,cm,31,cm,30,cm,29.01,cm³,1,1,BD4,Balde 4 Galones,Display,1,Medio Pallet,18,Pallet,36,Texturas,Color,BASE INCOLORA,PCA912EI25BL6,TEXTU EIFS G-25 BALDE,1
PCA912G10BI06,PROFINISH  G-10 BASE INCOLORA,25,kg,31,cm,31,cm,30,cm,29.01,cm³,1,1,BD4,Balde 4 Galones,Display,1,Medio Pallet,18,Pallet,36,Texturas,Color,BASE INCOLORA,PCA912G10BLA6,PROFINISH G-10 BALDE,1
PCA912G10BLA6,PROFINISH G-10 BLANCO,25,kg,31,cm,31,cm,30,cm,29.01,cm³,1,1,BD4,Balde 4 Galones,Display,1,Medio Pallet,18,Pallet,36,Texturas,Color,BLANCO,PCA912G10BLA6,PROFINISH G-10 BALDE,0
PCA912G25BI06,PROFINISH G-25 BASE INCOLORA,25,kg,31,cm,31,cm,30,cm,29.01,cm³,1,1,BD4,Balde 4 Galones,Display,1,Medio Pallet,18,Pallet,36,Texturas,Color,BASE INCOLORA,PCA912G25BL06,PROFINISH G-25 BALDE,1
PCA912G25BL06,PROFINISH G-25 BLANCO,25,kg,31,cm,31,cm,30,cm,29.01,cm³,1,1,BD4,Balde 4 Galones,Display,1,Medio Pallet,18,Pallet,36,Texturas,Color,BLANCO,PCA912G25BL06,PROFINISH G-25 BALDE,0
PCA912IMPTEX6,IMPRIMANTE TEXTURA BLANCO,25,kg,31,cm,31,cm,30,cm,29.01,cm³,1,1,BD4,Balde 4 Galones,Display,1,Medio Pallet,18,Pallet,36,Texturas,Color,BLANCO,PCA912IMPTEX6,IMPRIMANTE TEXTURA BASE INCOLORA BALDE,0
PCA916LOSA006,PASTA LOSA PLUS,25,kg,31,cm,31,cm,30,cm,29.01,cm³,1,1,BD4,Balde 4 Galones,Display,1,Medio Pallet,18,Pallet,36,Pasta,,,,,
PCA920INCOBR6,SELLADOR PAPEL COPPER,25,kg,31,cm,31,cm,30,cm,29.01,cm³,1,1,BD4,Balde 4 Galones,Display,1,Medio Pallet,18,Pallet,36,Sellador,,,,,
PCA922BOSC056,ESMALTE SINTETICO BASE OSCURA,25,kg,31,cm,31,cm,30,cm,29.01,cm³,1,1,BD4,Balde 4 Galones,Display,1,Medio Pallet,18,Pallet,36,Pintura para Metales,Color,BASE OSCURA,PCA922BLAN056,ESMALTE SINTETICO BALDE,2
PCA925BLAN056,HIDRO COPPER BLANCO,25,kg,31,cm,31,cm,30,cm,29.01,cm³,1,1,BD4,Balde 4 Galones,Display,1,Medio Pallet,18,Pallet,36,Pinturas Especiales,Color,BLANCO,PCA925BLAN056,HIDRO COPPER BALDE,0
PCA927BLANCO6,LATEX ELASTOMERICO BLANCO,25,kg,31,cm,31,cm,30,cm,29.01,cm³,1,1,BD4,Balde 4 Galones,Display,1,Medio Pallet,18,Pallet,36,Latex,Color,BLANCO,PCA927BLANCO6,LATEX ELASTOMERICO BALDE,0
PCA929BOSC06,LATEX SUPER CUBRIENTE BASE OSCURA,25,kg,31,cm,31,cm,30,cm,29.01,cm³,1,1,BD4,Balde 4 Galones,Display,1,Medio Pallet,18,Pallet,36,Latex,Color,BASE OSCURA,PCAEXTRACUB06,LATEX SUPER CUBRIENTE BALDE,1
PCA950PESTU06,PASTA ESTUCRYL,25,kg,31,cm,31,cm,30,cm,29.01,cm³,1,1,BD4,Balde 4 Galones,Display,1,Medio Pallet,18,Pallet,36,Pasta,,,,,
PCA952ELEIFS6,PASTA ADHESIVA EIFS,25,kg,31,cm,31,cm,30,cm,29.01,cm³,1,1,BD4,Balde 4 Galones,Display,1,Medio Pallet,18,Pallet,36,Pasta,,,,,
PCA953TEXDUR6,TEXDUR,25,kg,31,cm,31,cm,30,cm,29.01,cm³,1,1,BD4,Balde 4 Galones,Display,1,Medio Pallet,18,Pallet,36,Texturas,,,,,
PCA970GRISAC6,ESMALTE ACRILICO GRIS,25,kg,31,cm,31,cm,30,cm,29.01,cm³,1,1,BD4,Balde 4 Galones,Display,1,Medio Pallet,18,Pallet,36,Esmalte al Agua,Color,GRIS,PCA970GRISAC6,ESMALTE ACRILICO BALDE,0
PCAPLUS920BI6,SELLADOR ACRILICO INCOLORO,25,kg,31,cm,31,cm,30,cm,29.01,cm³,1,1,BD4,Balde 4 Galones,Display,1,Medio Pallet,18,Pallet,36,Sellador,Color,INCOLORO,PCAPLUS920BL6,SELLADOR ACRILICO BALDE,1
PCAPLUS920BL6,SELLADOR ACRILICO BLANCO,25,kg,31,cm,31,cm,30,cm,29.01,cm³,1,1,BD4,Balde 4 Galones,Display,1,Medio Pallet,18,Pallet,36,Sellador,Color,BLANCO,PCAPLUS920BL6,SELLADOR ACRILICO BALDE,0
PCAPLUS921056,FIBRO COPPER INCOLORO,25,kg,31,cm,31,cm,30,cm,29.01,cm³,1,1,BD4,Balde 4 Galones,Display,1,Medio Pallet,18,Pallet,36,Pinturas Especiales,Color,INCOLORO,PCA921NEGRO06,FIBRO COPPER BALDE,3
PCASMARTBO06,SMART COPPER BASE OSCURA,25,kg,31,cm,31,cm,30,cm,29.01,cm³,1,1,BD4,Balde 4 Galones,Display,1,Medio Pallet,18,Pallet,36,Pinturas Especiales,Color,BASE OSCURA,PCASPSNLAN006,SMART COPPER BALDE,2
PCASPSNEGR006,SMART COPPER NEGRO,25,kg,31,cm,31,cm,30,cm,29.01,cm³,1,1,BD4,Balde 4 Galones,Display,1,Medio Pallet,18,Pallet,36,Pinturas Especiales,Color,NEGRO,PCASPSNLAN006,SMART COPPER BALDE,1
PCASPSNLAN006,SMART COPPER BLANCO,25,kg,31,cm,31,cm,30,cm,29.01,cm³,1,1,BD4,Balde 4 Galones,Display,1,Medio Pallet,18,Pallet,36,Pinturas Especiales,Color,BLANCO,PCASPSNLAN006,SMART COPPER BALDE,0
PANES930BL001,ESMALTE AL AGUA SEMIBRILLO BLANCO ,7,kg,16,cm,16,cm,22,cm,5632,cm³,4,4,GL,Galon,Display,4,Medio Pallet,72,Pallet,144,Esmalte al Agua,Color,BLANCO,PANES930BL001,ESMALTE AL AGUA SEMIBRILLO GALON,0
PCA904BASIN01,OLEO SEMI BRILLO BASE OSCURA,7,kg,16,cm,16,cm,22,cm,5632,cm³,4,4,GL,Galon,Display,4,Medio Pallet,72,Pallet,144,Oleo,Color,BASE OSCURA,PCA904BLAN001,OLEO SEMIBRILLO GALON,1
PCA907BASE001,ZINC ACRYL BASE INCOLORA,7,kg,16,cm,16,cm,22,cm,5632,cm³,4,4,GL,Galon,Display,4,Medio Pallet,72,Pallet,144,Pinturas Especiales,Color,BASE INCOLORA,PCA907BLAN001,ZINC ACRYL GALON,5
PCA922BOSC001,ESMALTE SINTETICO BASE OSCURA,7,kg,16,cm,16,cm,22,cm,5632,cm³,4,4,GL,Galon,Display,4,Medio Pallet,72,Pallet,144,Pintura para Metales,Color,BASE OSCURA,PCA922BLAN001,ESMALTE SINTETICO GALON,10
PCA925BLAN001,HIDRO COPPER BLANCO,7,kg,16,cm,16,cm,22,cm,5632,cm³,4,4,GL,Galon,Display,4,Medio Pallet,72,Pallet,144,Pinturas Especiales,Color,BLANCO,PCA925BLAN001,HIDRO COPPER GALON,0
PCA926BOSC001,OLEO BRILLANTE BASE OSCURA,7,kg,16,cm,16,cm,22,cm,5632,cm³,4,4,GL,Galon,Display,4,Medio Pallet,72,Pallet,144,Oleo,Color,BASE OSCURA,PCA926BLAN001,OLEO BRILLANTE GALON,10
PCA941CLIBH01,ESMALTE AL AGUA CLINIC COPPER BEIGE HOSPITALARIO,7,kg,16,cm,16,cm,22,cm,5632,cm³,4,4,GL,Galon,Display,4,Medio Pallet,72,Pallet,144,Esmalte al Agua,Color,BEIGE HOSPITALARIO,PCA941CLIBL01,ESMALTE AL AGUA CLINIC COPPER GALON,1
PCA941CLIBL01,ESMALTE AL AGUA CLINIC COPPER BLANCO HOSPITALARIO,7,kg,16,cm,16,cm,22,cm,5632,cm³,4,4,GL,Galon,Display,4,Medio Pallet,72,Pallet,144,Esmalte al Agua,Color,BLANCO HOSPITALARIO,PCA941CLIBL01,ESMALTE AL AGUA CLINIC COPPER GALON,0
PCA941CLICC01,ESMALTE AL AGUA CLINIC COPPER CELESTE CLINICO,7,kg,16,cm,16,cm,22,cm,5632,cm³,4,4,GL,Galon,Display,4,Medio Pallet,72,Pallet,144,Esmalte al Agua,Color,CELESTE CLINICO,PCA941CLIBL01,ESMALTE AL AGUA CLINIC COPPER GALON,2
PCA941CLIGB01,ESMALTE AL AGUA CLINIC COPPER GRIS BOX,7,kg,16,cm,16,cm,22,cm,5632,cm³,4,4,GL,Galon,Display,4,Medio Pallet,72,Pallet,144,Esmalte al Agua,Color,GRIS BOX,PCA941CLIBL01,ESMALTE AL AGUA CLINIC COPPER GALON,3
PCA941CLIRM01,ESMALTE AL AGUA CLINIC COPPER ROSA MATERNO,7,kg,16,cm,16,cm,22,cm,5632,cm³,4,4,GL,Galon,Display,4,Medio Pallet,72,Pallet,144,Esmalte al Agua,Color,ROSA MATERNO,PCA941CLIBL01,ESMALTE AL AGUA CLINIC COPPER GALON,4
PCA941CLIVU01,ESMALTE AL AGUA CLINIC COPPER VERDE URGENCIA,7,kg,16,cm,16,cm,22,cm,5632,cm³,4,4,GL,Galon,Display,4,Medio Pallet,72,Pallet,144,Esmalte al Agua,Color,VERDE URGENCIA,PCA941CLIBL01,ESMALTE AL AGUA CLINIC COPPER GALON,5
PCAPLUS921001,FIBRO COPPER INCOLORO,7,kg,16,cm,16,cm,22,cm,5632,cm³,4,4,GL,Galon,Display,4,Medio Pallet,72,Pallet,144,Pinturas Especiales,Color,INCOLORO,PCA921NEGRO01,FIBRO COPPER GALON,10
PCASMARTBO001,SMART COPPER BASE OSCURA,7,kg,16,cm,16,cm,22,cm,5632,cm³,4,4,GL,Galon,Display,4,Medio Pallet,72,Pallet,144,Pinturas Especiales,Color,BASE OSCURA,PCASPSBLAN001,SMART COPPER GALON,1
PCASPSBLAN001,SMART COPPER BLANCO,7,kg,16,cm,16,cm,22,cm,5632,cm³,4,4,GL,Galon,Display,4,Medio Pallet,72,Pallet,144,Pinturas Especiales,Color,BLANCO,PCASPSBLAN001,SMART COPPER GALON,0
PCA922BLAN056,ESMALTE SINTETICO BLANCO,25,kg,31,cm,31,cm,30,cm,29.01,cm³,1,1,BD4,Balde 4 Galones,Display,1,Medio Pallet,18,Pallet,36,Pintura para Metales,Color,BLANCO,PCA922BLAN056,ESMALTE SINTETICO BALDE,0
PCA922NEGRO06,ESMALTE SINTETICO NEGRO,25,kg,31,cm,31,cm,30,cm,29.01,cm³,1,1,BD4,Balde 4 Galones,Display,1,Medio Pallet,18,Pallet,36,Pintura para Metales,Color,NEGRO,PCA922BLAN056,ESMALTE SINTETICO BALDE,1
PCA108BLAN006,ESMALTE ANTICORROSIVO DOBLE ACCION BLANCO,25,kg,31,cm,31,cm,30,cm,29.01,cm³,1,1,BD4,Balde 4 Galones,Display,1,Medio Pallet,18,Pallet,36,Pintura para Metales,Color,BLANCO,PCA108BLAN006,ESMALTE ANTICORROSIVO DOBLE ACCION BALDE,0
PCA108GRIS006,ESMALTE ANTICORROSIVO DOBLE ACCION GRIS,25,kg,31,cm,31,cm,30,cm,29.01,cm³,1,1,BD4,Balde 4 Galones,Display,1,Medio Pallet,18,Pallet,36,Pintura para Metales,Color,GRIS,PCA108BLAN006,ESMALTE ANTICORROSIVO DOBLE ACCION BALDE,2
PCA108NEGR006,ESMALTE ANTICORROSIVO DOBLE ACCION NEGRO,25,kg,31,cm,31,cm,30,cm,29.01,cm³,1,1,BD4,Balde 4 Galones,Display,1,Medio Pallet,18,Pallet,36,Pintura para Metales,Color,NEGRO,PCA108BLAN006,ESMALTE ANTICORROSIVO DOBLE ACCION BALDE,3
PCA113POLNAT6,STAIN  NATURAL,25,kg,31,cm,31,cm,30,cm,29.01,cm³,1,1,BD4,Balde 4 Galones,Display,1,Medio Pallet,18,Pallet,36,Barnices,Color,NATURAL,PCA113POLNAT6,STAIN  BALDE,0
PCA106BANAT06,BARNIZ MARINO NATURAL,25,kg,31,cm,31,cm,30,cm,29.01,cm³,1,1,BD4,Balde 4 Galones,Display,1,Medio Pallet,18,Pallet,36,Barnices,Color,NATURAL,PCA106BANAT06,BARNIZ MARINO BALDE,0
PCA904BLAN056,OLEO SEMI BRILLO BLANCO,25,kg,31,cm,31,cm,30,cm,29.01,cm³,1,1,BD4,Balde 4 Galones,Display,1,Medio Pallet,18,Pallet,36,Oleo,Color,BLANCO,PCA904BLAN056,OLEO SEMI BRILLO BALDE,0
PCA926BLAN056,OLEO BRILLANTE BLANCO,25,kg,31,cm,31,cm,30,cm,29.01,cm³,1,1,BD4,Balde 4 Galones,Display,1,Medio Pallet,18,Pallet,36,Oleo,Color,BLANCO,PCA926BLAN056,OLEO BRILLANTE BALDE,0
PCA910BLAN056,OLEO OPACO BLANCO,25,kg,31,cm,31,cm,30,cm,29.01,cm³,1,1,BD4,Balde 4 Galones,Display,1,Medio Pallet,18,Pallet,36,Oleo,Color,BLANCO,PCA910BLAN056,OLEO OPACO BALDE,0
PCA106BLANCO6,ANTICORROSIVO ESTRUCTURAL BLANCO,25,kg,31,cm,31,cm,30,cm,29.01,cm³,1,1,BD4,Balde 4 Galones,Display,1,Medio Pallet,18,Pallet,36,Pintura para Metales,Color,BLANCO,PCA106BLANCO6,ANTICORROSIVO ESTRUCTURAL BALDE,1
PCA106GRIS006,ANTICORROSIVO ESTRUCTURAL GRIS,25,kg,31,cm,31,cm,30,cm,29.01,cm³,1,1,BD4,Balde 4 Galones,Display,1,Medio Pallet,18,Pallet,36,Pintura para Metales,Color,GRIS,PCA106BLANCO6,ANTICORROSIVO ESTRUCTURAL BALDE,2
PCA106NEGRO06,ANTICORROSIVO ESTRUCTURAL NEGRO,25,kg,31,cm,31,cm,30,cm,29.01,cm³,1,1,BD4,Balde 4 Galones,Display,1,Medio Pallet,18,Pallet,36,Pintura para Metales,Color,NEGRO,PCA106BLANCO6,ANTICORROSIVO ESTRUCTURAL BALDE,3
PCA106OCRE055,ANTICORROSIVO ESTRUCTURAL OCRE,25,kg,31,cm,31,cm,30,cm,29.01,cm³,1,1,BD4,Balde 4 Galones,Display,1,Medio Pallet,18,Pallet,36,Pintura para Metales,Color,OCRE,PCA106BLANCO6,ANTICORROSIVO ESTRUCTURAL BALDE,4
PCA106ROJO006,ANTICORROSIVO ESTRUCTURAL ROJO,25,kg,31,cm,31,cm,30,cm,29.01,cm³,1,1,BD4,Balde 4 Galones,Display,1,Medio Pallet,18,Pallet,36,Pintura para Metales,Color,ROJO,PCA106BLANCO6,ANTICORROSIVO ESTRUCTURAL BALDE,5
PCA907BLAN056,ZINC ACRYL BLANCO,25,kg,31,cm,31,cm,30,cm,29.01,cm³,1,1,BD4,Balde 4 Galones,Display,1,Medio Pallet,18,Pallet,36,Pinturas Especiales,Color,BLANCO,PCA907BLAN056,ZINC ACRYL BALDE,0
PCA907GRIS056,ZINC ACRYL GRIS,25,kg,31,cm,31,cm,30,cm,29.01,cm³,1,1,BD4,Balde 4 Galones,Display,1,Medio Pallet,18,Pallet,36,Pinturas Especiales,Color,GRIS,PCA907BLAN056,ZINC ACRYL BALDE,3
PCA907NEGRO06,ZINC ACRYL NEGRO,25,kg,31,cm,31,cm,30,cm,29.01,cm³,1,1,BD4,Balde 4 Galones,Display,1,Medio Pallet,18,Pallet,36,Pinturas Especiales,Color,NEGRO,PCA907BLAN056,ZINC ACRYL BALDE,4
PCA907ROJO056,ZINC ACRYL ROJO,25,kg,31,cm,31,cm,30,cm,29.01,cm³,1,1,BD4,Balde 4 Galones,Display,1,Medio Pallet,18,Pallet,36,Pinturas Especiales,Color,ROJO,PCA907BLAN056,ZINC ACRYL BALDE,5
PCA907VERD056,ZINC ACRYL VERDE,25,kg,31,cm,31,cm,30,cm,29.01,cm³,1,1,BD4,Balde 4 Galones,Display,1,Medio Pallet,18,Pallet,36,Pinturas Especiales,Color,VERDE,PCA907BLAN056,ZINC ACRYL BALDE,6
PCA960ECOPBL6,ESMALTE AL AGUA COPPER BLANCO,25,kg,31,cm,31,cm,30,cm,29.01,cm³,1,1,BD4,Balde 4 Galones,Display,1,Medio Pallet,18,Pallet,36,Esmalte al Agua,Color,BLANCO,PCA960ECOPBL6,ESMALTE AL AGUA COPPER BALDE (4GL),0
PCA941CLIBL06,ESMALTE AL AGUA CLINIC COPPER BLANCO HOSPITALARIO,25,kg,31,cm,31,cm,30,cm,29.01,cm³,1,1,BD4,Balde 4 Galones,Display,1,Medio Pallet,18,Pallet,36,Esmalte al Agua,Color,BLANCO HOSPITALARIO,PCA941CLIBL06,ESMALTE AL AGUA CLINIC COPPER BALDE,0
PCA915BLANC06,ESMALTE AL AGUA OPACO BLANCO,25,kg,31,cm,31,cm,30,cm,29.01,cm³,1,1,BD4,Balde 4 Galones,Display,1,Medio Pallet,18,Pallet,36,Esmalte al Agua,Color,BLANCO,PCA915BLANC06,ESMALTE AL AGUA OPACO BALDE,0
PCA921AZULCA6,FIBRO COPPER AZUL CANADA,25,kg,31,cm,31,cm,30,cm,29.01,cm³,1,1,BD4,Balde 4 Galones,Display,1,Medio Pallet,18,Pallet,36,Pinturas Especiales,Color,AZUL CANADA,PCA921NEGRO06,FIBRO COPPER BALDE,2
PCA921GRISOS6,FIBRO COPPER GRIS OSCURO,25,kg,31,cm,31,cm,30,cm,29.01,cm³,1,1,BD4,Balde 4 Galones,Display,1,Medio Pallet,18,Pallet,36,Pinturas Especiales,Color,GRIS OSCURO,PCA921NEGRO06,FIBRO COPPER BALDE,1
PCA921NEGRO06,FIBRO COPPER NEGRO,25,kg,31,cm,31,cm,30,cm,29.01,cm³,1,1,BD4,Balde 4 Galones,Display,1,Medio Pallet,18,Pallet,36,Pinturas Especiales,Color,NEGRO,PCA921NEGRO06,FIBRO COPPER BALDE,0
PCA925COBLA06,ESMALTE AL AGUA CONSTRUCCION BLANCO,25,kg,31,cm,31,cm,30,cm,29.01,cm³,1,1,BD4,Balde 4 Galones,Display,1,Medio Pallet,18,Pallet,36,Esmalte al Agua,Color,BLANCO,PCA925COBLA06,ESMALTE AL AGUA CONSTRUCCION BALDE,0
PCA900CONBL06,LATEX CONSTRUCCION BLANCO,25,kg,31,cm,31,cm,30,cm,29.01,cm³,1,1,BD4,Balde 4 Galones,Display,1,Medio Pallet,18,Pallet,36,Latex,Color,BLANCO,PCA900CONBL06,LATEX CONSTRUCCION BALDE,0
PCA900BLOBR06,LATEX OBRA BLANCO,25,kg,31,cm,31,cm,30,cm,29.01,cm³,1,1,BD4,Balde 4 Galones,Display,1,Medio Pallet,18,Pallet,36,Latex,Color,BLANCO,PCA900BLOBR06,LATEX OBRA BALDE,0
PCA922AREY001,ESMALTE SINTETICO AMARILLO,7,kg,16,cm,16,cm,22,cm,5632,cm³,4,4,GL,Galon,Display,4,Medio Pallet,72,Pallet,144,Pintura para Metales,Color,AMARILLO,PCA922BLAN001,ESMALTE SINTETICO GALON,3
PCA922AZPACI1,ESMALTE SINTETICO AZUL,7,kg,16,cm,16,cm,22,cm,5632,cm³,4,4,GL,Galon,Display,4,Medio Pallet,72,Pallet,144,Pintura para Metales,Color,AZUL,PCA922BLAN001,ESMALTE SINTETICO GALON,2
PCA922BERME01,ESMALTE SINTETICO BERMELLON,7,kg,16,cm,16,cm,22,cm,5632,cm³,4,4,GL,Galon,Display,4,Medio Pallet,72,Pallet,144,Pintura para Metales,Color,BERMELLON,PCA922BLAN001,ESMALTE SINTETICO GALON,1
PCA922BLAN001,ESMALTE SINTETICO BLANCO,7,kg,16,cm,16,cm,22,cm,5632,cm³,4,4,GL,Galon,Display,4,Medio Pallet,72,Pallet,144,Pintura para Metales,Color,BLANCO,PCA922BLAN001,ESMALTE SINTETICO GALON,0
PCA922CAFEM01,ESMALTE SINTETICO CAFE,7,kg,16,cm,16,cm,22,cm,5632,cm³,4,4,GL,Galon,Display,4,Medio Pallet,72,Pallet,144,Pintura para Metales,Color,CAFE,PCA922BLAN001,ESMALTE SINTETICO GALON,5
PCA922GRIMAQ1,ESMALTE SINTETICO GRIS,7,kg,16,cm,16,cm,22,cm,5632,cm³,4,4,GL,Galon,Display,4,Medio Pallet,72,Pallet,144,Pintura para Metales,Color,GRIS,PCA922BLAN001,ESMALTE SINTETICO GALON,6
PCA922NARAN01,ESMALTE SINTETICO NARANJO,7,kg,16,cm,16,cm,22,cm,5632,cm³,4,4,GL,Galon,Display,4,Medio Pallet,72,Pallet,144,Pintura para Metales,Color,NARANJO,PCA922BLAN001,ESMALTE SINTETICO GALON,7
PCA922NEGRO01,ESMALTE SINTETICO NEGRO,7,kg,16,cm,16,cm,22,cm,5632,cm³,4,4,GL,Galon,Display,4,Medio Pallet,72,Pallet,144,Pintura para Metales,Color,NEGRO,PCA922BLAN001,ESMALTE SINTETICO GALON,8
PCA922VERESM1,ESMALTE SINTETICO VERDE,7,kg,16,cm,16,cm,22,cm,5632,cm³,4,4,GL,Galon,Display,4,Medio Pallet,72,Pallet,144,Pintura para Metales,Color,VERDE,PCA922BLAN001,ESMALTE SINTETICO GALON,9
PCA926AMREY01,OLEO BRILLANTE AMARILLO,7,kg,16,cm,16,cm,22,cm,5632,cm³,4,4,GL,Galon,Display,4,Medio Pallet,72,Pallet,144,Oleo,Color,AMARILLO,PCA926BLAN001,OLEO BRILLANTE GALON,3
PCA926AZUPAC1,OLEO BRILLANTE AZUL,7,kg,16,cm,16,cm,22,cm,5632,cm³,4,4,GL,Galon,Display,4,Medio Pallet,72,Pallet,144,Oleo,Color,AZUL,PCA926BLAN001,OLEO BRILLANTE GALON,2
PCA926BERME01,OLEO BRILLANTE BERMELLON,7,kg,16,cm,16,cm,22,cm,5632,cm³,4,4,GL,Galon,Display,4,Medio Pallet,72,Pallet,144,Oleo,Color,BERMELLON,PCA926BLAN001,OLEO BRILLANTE GALON,1
PCA926BLAN001,OLEO BRILLANTE BLANCO,7,kg,16,cm,16,cm,22,cm,5632,cm³,4,4,GL,Galon,Display,4,Medio Pallet,72,Pallet,144,Oleo,Color,BLANCO,PCA926BLAN001,OLEO BRILLANTE GALON,0
PCA926CAFE001,OLEO BRILLANTE CAFE,7,kg,16,cm,16,cm,22,cm,5632,cm³,4,4,GL,Galon,Display,4,Medio Pallet,72,Pallet,144,Oleo,Color,CAFE,PCA926BLAN001,OLEO BRILLANTE GALON,5
PCA926CREMA01,OLEO BRILLANTE CREMA,7,kg,16,cm,16,cm,22,cm,5632,cm³,4,4,GL,Galon,Display,4,Medio Pallet,72,Pallet,144,Oleo,Color,CREMA,PCA926BLAN001,OLEO BRILLANTE GALON,6
PCA926GRIMAQ1,OLEO BRILLANTE GRIS,7,kg,16,cm,16,cm,22,cm,5632,cm³,4,4,GL,Galon,Display,4,Medio Pallet,72,Pallet,144,Oleo,Color,GRIS,PCA926BLAN001,OLEO BRILLANTE GALON,7
PCA926NEGRO01,OLEO BRILLANTE NEGRO,7,kg,16,cm,16,cm,22,cm,5632,cm³,4,4,GL,Galon,Display,4,Medio Pallet,72,Pallet,144,Oleo,Color,NEGRO,PCA926BLAN001,OLEO BRILLANTE GALON,8
PCA926VERESM1,OLEO BRILLANTE VERDE,7,kg,16,cm,16,cm,22,cm,5632,cm³,4,4,GL,Galon,Display,4,Medio Pallet,72,Pallet,144,Oleo,Color,VERDE,PCA926BLAN001,OLEO BRILLANTE GALON,9
PCA904BLAN001,OLEO SEMI BRILLO BLANCO,7,kg,16,cm,16,cm,22,cm,5632,cm³,4,4,GL,Galon,Display,4,Medio Pallet,72,Pallet,144,Oleo,Color,BLANCO,PCA904BLAN001,OLEO SEMIBRILLO GALON,0
PCA910BLAN001,OLEO OPACO BLANCO ,7,kg,16,cm,16,cm,22,cm,5632,cm³,4,4,GL,Galon,Display,4,Medio Pallet,72,Pallet,144,Oleo,Color,BLANCO,PCA910BLAN001,OLEO OPACO GALON,0
PCA907BLAN001,ZINC ACRYL BLANCO,7,kg,16,cm,16,cm,22,cm,5632,cm³,4,4,GL,Galon,Display,4,Medio Pallet,72,Pallet,144,Pinturas Especiales,Color,BLANCO,PCA907BLAN001,ZINC ACRYL GALON,0
PCA907GRIS001,ZINC ACRYL GRIS,7,kg,16,cm,16,cm,22,cm,5632,cm³,4,4,GL,Galon,Display,4,Medio Pallet,72,Pallet,144,Pinturas Especiales,Color,GRIS,PCA907BLAN001,ZINC ACRYL GALON,1
PCA907NEGRO01,ZINC ACRYL NEGRO,7,kg,16,cm,16,cm,22,cm,5632,cm³,4,4,GL,Galon,Display,4,Medio Pallet,72,Pallet,144,Pinturas Especiales,Color,NEGRO,PCA907BLAN001,ZINC ACRYL GALON,2
PCA907ROJO001,ZINC ACRYL ROJO,7,kg,16,cm,16,cm,22,cm,5632,cm³,4,4,GL,Galon,Display,4,Medio Pallet,72,Pallet,144,Pinturas Especiales,Color,ROJO,PCA907BLAN001,ZINC ACRYL GALON,3
PCA907VERD001,ZINC ACRYL VERDE,7,kg,16,cm,16,cm,22,cm,5632,cm³,4,4,GL,Galon,Display,4,Medio Pallet,72,Pallet,144,Pinturas Especiales,Color,VERDE,PCA907BLAN001,ZINC ACRYL GALON,4
PCA106BAALER1,BARNIZ MARINO ALERCE,7,kg,16,cm,16,cm,22,cm,5632,cm³,4,4,GL,Galon,Display,4,Medio Pallet,72,Pallet,144,Barnices,Color,ALERCE,PCA106BANAT01,BARNIZ MARINO GALON,3
PCA106BACAOB1,BARNIZ MARINO CAOBA,7,kg,16,cm,16,cm,22,cm,5632,cm³,4,4,GL,Galon,Display,4,Medio Pallet,72,Pallet,144,Barnices,Color,CAOBA,PCA106BANAT01,BARNIZ MARINO GALON,2
PCA106BAMAPL1,BARNIZ MARINO MAPLE,7,kg,16,cm,16,cm,22,cm,5632,cm³,4,4,GL,Galon,Display,4,Medio Pallet,72,Pallet,144,Barnices,Color,MAPLE,PCA106BANAT01,BARNIZ MARINO GALON,1
PCA106BANAT01,BARNIZ MARINO NATURAL,7,kg,16,cm,16,cm,22,cm,5632,cm³,4,4,GL,Galon,Display,4,Medio Pallet,72,Pallet,144,Barnices,Color,NATURAL,PCA106BANAT01,BARNIZ MARINO GALON,0
PCA106BANOG01,BARNIZ MARINO NOGAL,7,kg,16,cm,16,cm,22,cm,5632,cm³,4,4,GL,Galon,Display,4,Medio Pallet,72,Pallet,144,Barnices,Color,NOGAL,PCA106BANAT01,BARNIZ MARINO GALON,4
PCA106BAROBL1,BARNIZ MARINO ROBLE,7,kg,16,cm,16,cm,22,cm,5632,cm³,4,4,GL,Galon,Display,4,Medio Pallet,72,Pallet,144,Barnices,Color,ROBLE,PCA106BANAT01,BARNIZ MARINO GALON,5
PCA106BLANCO1,ANTICORROSIVO ESTRUCTURAL BLANCO,7,kg,16,cm,16,cm,22,cm,5632,cm³,4,4,GL,Galon,Display,4,Medio Pallet,72,Pallet,144,Pintura para Metales,Color,BLANCO,PCA106BLANCO1,ANTICORROSIVO ESTRUCTURAL GALON,0
PCA106GRIS001,ANTICORROSIVO ESTRUCTURAL GRIS,7,kg,16,cm,16,cm,22,cm,5632,cm³,4,4,GL,Galon,Display,4,Medio Pallet,72,Pallet,144,Pintura para Metales,Color,GRIS,PCA106BLANCO1,ANTICORROSIVO ESTRUCTURAL GALON,1
PCA106NEGR001,ANTICORROSIVO ESTRUCTURAL NEGRO,7,kg,16,cm,16,cm,22,cm,5632,cm³,4,4,GL,Galon,Display,4,Medio Pallet,72,Pallet,144,Pintura para Metales,Color,NEGRO,PCA106BLANCO1,ANTICORROSIVO ESTRUCTURAL GALON,2
PCA106OCRE001,ANTICORROSIVO ESTRUCTURAL OCRE,7,kg,16,cm,16,cm,22,cm,5632,cm³,4,4,GL,Galon,Display,4,Medio Pallet,72,Pallet,144,Pintura para Metales,Color,OCRE,PCA106BLANCO1,ANTICORROSIVO ESTRUCTURAL GALON,3
PCA106ROJO001,ANTICORROSIVO ESTRUCTURAL ROJO,7,kg,16,cm,16,cm,22,cm,5632,cm³,4,4,GL,Galon,Display,4,Medio Pallet,72,Pallet,144,Pintura para Metales,Color,ROJO,PCA106BLANCO1,ANTICORROSIVO ESTRUCTURAL GALON,4
PCA106VERDE01,ANTICORROSIVO ESTRUCTURAL VERDE,7,kg,16,cm,16,cm,22,cm,5632,cm³,4,4,GL,Galon,Display,4,Medio Pallet,72,Pallet,144,Pintura para Metales,Color,VERDE,PCA106BLANCO1,ANTICORROSIVO ESTRUCTURAL GALON,5
PCA914BLAOIN1,ESMALTE AL AGUA OPACO BLANCO ,7,kg,16,cm,16,cm,22,cm,5632,cm³,4,4,GL,Galon,Display,4,Medio Pallet,72,Pallet,144,Esmalte al Agua,Color,BLANCO,PCA914BLAOIN1,ESMALTE AL AGUA OPACO GALON,0
PCAEXTRACUB01,LATEX SUPER CUBRIENTE BLANCO ,7,kg,16,cm,16,cm,22,cm,5632,cm³,4,4,GL,Galon,Display,4,Medio Pallet,72,Pallet,144,Latex,Color,BLANCO,PCAEXTRACUB01,LATEX SUPER CUBRIENTE GALON,0
PCA921ARCHO01,FIBRO COPPER CHOCOLATE,7,kg,16,cm,16,cm,22,cm,5632,cm³,4,4,GL,Galon,Display,4,Medio Pallet,72,Pallet,144,Pinturas Especiales,Color,CHOCOLATE,PCA921NEGRO01,FIBRO COPPER GALON,9
PCA921ARROB01,FIBRO COPPER ROBLE,7,kg,16,cm,16,cm,22,cm,5632,cm³,4,4,GL,Galon,Display,4,Medio Pallet,72,Pallet,144,Pinturas Especiales,Color,ROBLE,PCA921NEGRO01,FIBRO COPPER GALON,8
PCA921AZULCA1,FIBRO COPPER AZUL CANADA,7,kg,16,cm,16,cm,22,cm,5632,cm³,4,4,GL,Galon,Display,4,Medio Pallet,72,Pallet,144,Pinturas Especiales,Color,AZUL CANADA,PCA921NEGRO01,FIBRO COPPER GALON,7
PCA921CANE001,FIBRO COPPER CANELA,7,kg,16,cm,16,cm,22,cm,5632,cm³,4,4,GL,Galon,Display,4,Medio Pallet,72,Pallet,144,Pinturas Especiales,Color,CANELA,PCA921NEGRO01,FIBRO COPPER GALON,6
PCA921CAOBA01,FIBRO COPPER CAOBA,7,kg,16,cm,16,cm,22,cm,5632,cm³,4,4,GL,Galon,Display,4,Medio Pallet,72,Pallet,144,Pinturas Especiales,Color,CAOBA,PCA921NEGRO01,FIBRO COPPER GALON,5
PCA921CASA001,FIBRO COPPER CASA MAQUINA,7,kg,16,cm,16,cm,22,cm,5632,cm³,4,4,GL,Galon,Display,4,Medio Pallet,72,Pallet,144,Pinturas Especiales,Color,CASA MAQUINA,PCA921NEGRO01,FIBRO COPPER GALON,4
PCA921CAST001,FIBRO COPPER CASTAÑO,7,kg,16,cm,16,cm,22,cm,5632,cm³,4,4,GL,Galon,Display,4,Medio Pallet,72,Pallet,144,Pinturas Especiales,Color,CASTAÑO,PCA921NEGRO01,FIBRO COPPER GALON,3
PCA921GRISOS1,FIBRO COPPER GRIS OSCURO,7,kg,16,cm,16,cm,22,cm,5632,cm³,4,4,GL,Galon,Display,4,Medio Pallet,72,Pallet,144,Pinturas Especiales,Color,GRIS OSCURO,PCA921NEGRO01,FIBRO COPPER GALON,2
PCA921NEGRO01,FIBRO COPPER NEGRO,7,kg,16,cm,16,cm,22,cm,5632,cm³,4,4,GL,Galon,Display,4,Medio Pallet,72,Pallet,144,Pinturas Especiales,Color,NEGRO,PCA921NEGRO01,FIBRO COPPER GALON,1
PCA925CONST01,ESMALTE AL AGUA CONSTRUCCION BLANCO ,7,kg,16,cm,16,cm,22,cm,5632,cm³,4,4,GL,Galon,Display,4,Medio Pallet,72,Pallet,144,Esmalte al Agua,Color,BLANCO,PCA925CONST01,ESMALTE AL AGUA CONSTRUCCION GALON,0
PCA900OBRBAN1,LATEX OBRA BLANCO ,7,kg,16,cm,16,cm,22,cm,5632,cm³,4,4,GL,Galon,Display,4,Medio Pallet,72,Pallet,144,Latex,Color,BLANCO,PCA900OBRBAN1,LATEX OBRA GALON,0
PCA901CONST01,LATEX CONSTRUCCION BLANCO ,7,kg,16,cm,16,cm,22,cm,5632,cm³,4,4,GL,Galon,Display,4,Medio Pallet,72,Pallet,144,Latex,Color,BLANCO,PCA901CONST01,LATEX CONSTRUCCION GALON,0
PCA103MADPLU2,VITROPLUS INCOLORO ,1.5,kg,11,cm,11,cm,13,cm,1573,cm³,6,6,1/4 GL,1/4 Galon,Display,6,Medio Pallet,228,Pallet,450,Barnices,Color,INCOLORO,PCA103MADPLU2,VITROPLUS INCOLORO 1/4 GALON,0
PCA108BLAN002,ESMALTE ANTICORROSIVO DOBLE ACCION BLANCO,1.5,kg,11,cm,11,cm,13,cm,1573,cm³,6,6,1/4 GL,1/4 Galon,Display,6,Medio Pallet,228,Pallet,450,Pintura para Metales,Color,BLANCO,PCA108BLAN002,ESMALTE ANTICORROSIVO DOBLE ACCION 1/4 Galon,0
PCA108GRIS002,ESMALTE ANTICORROSIVO DOBLE ACCION GRIS,1.5,kg,11,cm,11,cm,13,cm,1573,cm³,6,6,1/4 GL,1/4 Galon,Display,6,Medio Pallet,228,Pallet,450,Pintura para Metales,Color,GRIS,PCA108BLAN002,ESMALTE ANTICORROSIVO DOBLE ACCION 1/4 Galon,1
PCA108NEGRO02,ESMALTE ANTICORROSIVO DOBLE ACCION NEGRO,1.5,kg,11,cm,11,cm,13,cm,1573,cm³,6,6,1/4 GL,1/4 Galon,Display,6,Medio Pallet,228,Pallet,450,Pintura para Metales,Color,NEGRO,PCA108BLAN002,ESMALTE ANTICORROSIVO DOBLE ACCION 1/4 Galon,2
PCA108ROJO002,ESMALTE ANTICORROSIVO DOBLE ACCION ROJO,1.5,kg,11,cm,11,cm,13,cm,1573,cm³,6,6,1/4 GL,1/4 Galon,Display,6,Medio Pallet,228,Pallet,450,Pintura para Metales,Color,ROJO,PCA108BLAN002,ESMALTE ANTICORROSIVO DOBLE ACCION 1/4 Galon,3
PCA108VERDE02,ESMALTE ANTICORROSIVO DOBLE ACCION VERDE,1.5,kg,11,cm,11,cm,13,cm,1573,cm³,6,6,1/4 GL,1/4 Galon,Display,6,Medio Pallet,228,Pallet,450,Pintura para Metales,Color,VERDE,PCA108BLAN002,ESMALTE ANTICORROSIVO DOBLE ACCION 1/4 Galon,4
PCA922AREY002,ESMALTE SINTETICO AMARILLO,1.5,kg,11,cm,11,cm,13,cm,1573,cm³,6,6,1/4 GL,1/4 Galon,Display,6,Medio Pallet,228,Pallet,450,Pintura para Metales,Color,AMARILLO,PCA922BLAN002,ESMALTE SINTETICO 1/4 GALON,1
PCA922AZPACI2,ESMALTE SINTETICO AZUL,1.5,kg,11,cm,11,cm,13,cm,1573,cm³,6,6,1/4 GL,1/4 Galon,Display,6,Medio Pallet,228,Pallet,450,Pintura para Metales,Color,AZUL,PCA922BLAN002,ESMALTE SINTETICO 1/4 GALON,2
PCA922BERME02,ESMALTE SINTETICO BERMELLON,1.5,kg,11,cm,11,cm,13,cm,1573,cm³,6,6,1/4 GL,1/4 Galon,Display,6,Medio Pallet,228,Pallet,450,Pintura para Metales,Color,BERMELLON,PCA922BLAN002,ESMALTE SINTETICO 1/4 GALON,3
PCA922BLAN002,ESMALTE SINTETICO BLANCO,1.5,kg,11,cm,11,cm,13,cm,1573,cm³,6,6,1/4 GL,1/4 Galon,Display,6,Medio Pallet,228,Pallet,450,Pintura para Metales,Color,BLANCO,PCA922BLAN002,ESMALTE SINTETICO 1/4 GALON,0
PCA922CAFMO02,ESMALTE SINTETICO CAFE,1.5,kg,11,cm,11,cm,13,cm,1573,cm³,6,6,1/4 GL,1/4 Galon,Display,6,Medio Pallet,228,Pallet,450,Pintura para Metales,Color,CAFE,PCA922BLAN002,ESMALTE SINTETICO 1/4 GALON,4
PCA922GRIMA02,ESMALTE SINTETICO GRIS,1.5,kg,11,cm,11,cm,13,cm,1573,cm³,6,6,1/4 GL,1/4 Galon,Display,6,Medio Pallet,228,Pallet,450,Pintura para Metales,Color,GRIS,PCA922BLAN002,ESMALTE SINTETICO 1/4 GALON,5
PCA922NARAN02,ESMALTE SINTETICO NARANJO,1.5,kg,11,cm,11,cm,13,cm,1573,cm³,6,6,1/4 GL,1/4 Galon,Display,6,Medio Pallet,228,Pallet,450,Pintura para Metales,Color,NARANJO,PCA922BLAN002,ESMALTE SINTETICO 1/4 GALON,6
PCA922NEGRO02,ESMALTE SINTETICO NEGRO,1.5,kg,11,cm,11,cm,13,cm,1573,cm³,6,6,1/4 GL,1/4 Galon,Display,6,Medio Pallet,228,Pallet,450,Pintura para Metales,Color,NEGRO,PCA922BLAN002,ESMALTE SINTETICO 1/4 GALON,7
PCA922VERESM2,ESMALTE SINTETICO VERDE,1.5,kg,11,cm,11,cm,13,cm,1573,cm³,6,6,1/4 GL,1/4 Galon,Display,6,Medio Pallet,228,Pallet,450,Pintura para Metales,Color,VERDE,PCA922BLAN002,ESMALTE SINTETICO 1/4 GALON,8
PCA113NEGRO02,STAIN  NEGRO,1.5,kg,11,cm,11,cm,13,cm,1573,cm³,6,6,1/4 GL,1/4 Galon,Display,6,Medio Pallet,228,Pallet,450,Barnices,Color,NEGRO,PCA113NEGRO02,STAIN 1/4 GALON,0
PCA113POLALE2,STAIN  ALERCE,1.5,kg,11,cm,11,cm,13,cm,1573,cm³,6,6,1/4 GL,1/4 Galon,Display,6,Medio Pallet,228,Pallet,450,Barnices,Color,ALERCE,PCA113NEGRO02,STAIN 1/4 GALON,1
PCA113POLARB2,STAIN  ARBOLEDA,1.5,kg,11,cm,11,cm,13,cm,1573,cm³,6,6,1/4 GL,1/4 Galon,Display,6,Medio Pallet,228,Pallet,450,Barnices,Color,ARBOLEDA,PCA113NEGRO02,STAIN 1/4 GALON,2
PCA113POLCAO2,STAIN  CAOBA,1.5,kg,11,cm,11,cm,13,cm,1573,cm³,6,6,1/4 GL,1/4 Galon,Display,6,Medio Pallet,228,Pallet,450,Barnices,Color,CAOBA,PCA113NEGRO02,STAIN 1/4 GALON,3
PCA113POLCAS2,STAIN  CASTAÑO,1.5,kg,11,cm,11,cm,13,cm,1573,cm³,6,6,1/4 GL,1/4 Galon,Display,6,Medio Pallet,228,Pallet,450,Barnices,Color,CASTAÑO,PCA113NEGRO02,STAIN 1/4 GALON,4
PCA113POLENC2,STAIN  ENCINA,1.5,kg,11,cm,11,cm,13,cm,1573,cm³,6,6,1/4 GL,1/4 Galon,Display,6,Medio Pallet,228,Pallet,450,Barnices,Color,ENCINA,PCA113NEGRO02,STAIN 1/4 GALON,5
PCA113POLNAT2,STAIN  NATURAL,1.5,kg,11,cm,11,cm,13,cm,1573,cm³,6,6,1/4 GL,1/4 Galon,Display,6,Medio Pallet,228,Pallet,450,Barnices,Color,NATURAL,PCA113NEGRO02,STAIN 1/4 GALON,6
PCA113POLNOG2,STAIN  NOGAL,1.5,kg,11,cm,11,cm,13,cm,1573,cm³,6,6,1/4 GL,1/4 Galon,Display,6,Medio Pallet,228,Pallet,450,Barnices,Color,NOGAL,PCA113NEGRO02,STAIN 1/4 GALON,7
PCA113POLORE2,STAIN  PINO OREGON,1.5,kg,11,cm,11,cm,13,cm,1573,cm³,6,6,1/4 GL,1/4 Galon,Display,6,Medio Pallet,228,Pallet,450,Barnices,Color,PINO OREGON,PCA113NEGRO02,STAIN 1/4 GALON,8
PCA113POLPAR2,STAIN  PALO ROSA,1.5,kg,11,cm,11,cm,13,cm,1573,cm³,6,6,1/4 GL,1/4 Galon,Display,6,Medio Pallet,228,Pallet,450,Barnices,Color,PALO ROSA,PCA113NEGRO02,STAIN 1/4 GALON,9
PCA113POLROB2,STAIN  ROBLE,1.5,kg,11,cm,11,cm,13,cm,1573,cm³,6,6,1/4 GL,1/4 Galon,Display,6,Medio Pallet,228,Pallet,450,Barnices,Color,ROBLE,PCA113NEGRO02,STAIN 1/4 GALON,10
PCA113POLVER2,STAIN  VERDE,1.5,kg,11,cm,11,cm,13,cm,1573,cm³,6,6,1/4 GL,1/4 Galon,Display,6,Medio Pallet,228,Pallet,450,Barnices,Color,VERDE,PCA113NEGRO02,STAIN 1/4 GALON,11
PCA926AMAREY2,OLEO BRILLANTE AMARILLO,1.5,kg,11,cm,11,cm,13,cm,1573,cm³,6,6,1/4 GL,1/4 Galon,Display,6,Medio Pallet,228,Pallet,450,Oleo,Color,AMARILLO,PCA926BLAN002,OLEO BRILLANTE 1/4 GALON,1
PCA926AZUPAC2,OLEO BRILLANTE AZUL,1.5,kg,11,cm,11,cm,13,cm,1573,cm³,6,6,1/4 GL,1/4 Galon,Display,6,Medio Pallet,228,Pallet,450,Oleo,Color,AZUL,PCA926BLAN002,OLEO BRILLANTE 1/4 GALON,2
PCA926BERME02,OLEO BRILLANTE BERMELLON,1.5,kg,11,cm,11,cm,13,cm,1573,cm³,6,6,1/4 GL,1/4 Galon,Display,6,Medio Pallet,228,Pallet,450,Oleo,Color,BERMELLON,PCA926BLAN002,OLEO BRILLANTE 1/4 GALON,3
PCA926BLAN002,OLEO BRILLANTE BLANCO,1.5,kg,11,cm,11,cm,13,cm,1573,cm³,6,6,1/4 GL,1/4 Galon,Display,6,Medio Pallet,228,Pallet,450,Oleo,Color,BLANCO,PCA926BLAN002,OLEO BRILLANTE 1/4 GALON,0
PCA926CAFE002,OLEO BRILLANTE CAFE,1.5,kg,11,cm,11,cm,13,cm,1573,cm³,6,6,1/4 GL,1/4 Galon,Display,6,Medio Pallet,228,Pallet,450,Oleo,Color,CAFE,PCA926BLAN002,OLEO BRILLANTE 1/4 GALON,4
PCA926CREMA02,OLEO BRILLANTE CREMA,1.5,kg,11,cm,11,cm,13,cm,1573,cm³,6,6,1/4 GL,1/4 Galon,Display,6,Medio Pallet,228,Pallet,450,Oleo,Color,CREMA,PCA926BLAN002,OLEO BRILLANTE 1/4 GALON,5
PCA926GRIMAQ2,OLEO BRILLANTE GRIS,1.5,kg,11,cm,11,cm,13,cm,1573,cm³,6,6,1/4 GL,1/4 Galon,Display,6,Medio Pallet,228,Pallet,450,Oleo,Color,GRIS,PCA926BLAN002,OLEO BRILLANTE 1/4 GALON,6
PCA926NEGRO02,OLEO BRILLANTE NEGRO,1.5,kg,11,cm,11,cm,13,cm,1573,cm³,6,6,1/4 GL,1/4 Galon,Display,6,Medio Pallet,228,Pallet,450,Oleo,Color,NEGRO,PCA926BLAN002,OLEO BRILLANTE 1/4 GALON,7
PCA926VERESM2,OLEO BRILLANTE VERDE,1.5,kg,11,cm,11,cm,13,cm,1573,cm³,6,6,1/4 GL,1/4 Galon,Display,6,Medio Pallet,228,Pallet,450,Oleo,Color,VERDE,PCA926BLAN002,OLEO BRILLANTE 1/4 GALON,8
PCA106BAALER2,BARNIZ MARINO ALERCE,1.5,kg,11,cm,11,cm,13,cm,1573,cm³,6,6,1/4 GL,1/4 Galon,Display,6,Medio Pallet,228,Pallet,450,Barnices,Color,ALERCE,PCA106BANAT02,BARNIZ MARINO 1/4 GALON,3
PCA106BACAB02,BARNIZ MARINO CAOBA,1.5,kg,11,cm,11,cm,13,cm,1573,cm³,6,6,1/4 GL,1/4 Galon,Display,6,Medio Pallet,228,Pallet,450,Barnices,Color,CAOBA,PCA106BANAT02,BARNIZ MARINO 1/4 GALON,4
PCA106BAMAPL2,BARNIZ MARINO MAPLE,1.5,kg,11,cm,11,cm,13,cm,1573,cm³,6,6,1/4 GL,1/4 Galon,Display,6,Medio Pallet,228,Pallet,450,Barnices,Color,MAPLE,PCA106BANAT02,BARNIZ MARINO 1/4 GALON,5
PCA106BANAT02,BARNIZ MARINO NATURAL,1.5,kg,11,cm,11,cm,13,cm,1573,cm³,6,6,1/4 GL,1/4 Galon,Display,6,Medio Pallet,228,Pallet,450,Barnices,Color,NATURAL,PCA106BANAT02,BARNIZ MARINO 1/4 GALON,0
PCA106BANOG02,BARNIZ MARINO NOGAL,1.5,kg,11,cm,11,cm,13,cm,1573,cm³,6,6,1/4 GL,1/4 Galon,Display,6,Medio Pallet,228,Pallet,450,Barnices,Color,NOGAL,PCA106BANAT02,BARNIZ MARINO 1/4 GALON,1
PCA106BAROBL2,BARNIZ MARINO ROBLE,1.5,kg,11,cm,11,cm,13,cm,1573,cm³,6,6,1/4 GL,1/4 Galon,Display,6,Medio Pallet,228,Pallet,450,Barnices,Color,ROBLE,PCA106BANAT02,BARNIZ MARINO 1/4 GALON,2
PCA904BLAN002,OLEO SEMI BRILLO BLANCO,1.5,kg,11,cm,11,cm,13,cm,1573,cm³,6,6,1/4 GL,1/4 Galon,Display,6,Medio Pallet,228,Pallet,450,Oleo,Color,BLANCO,PCA904BLAN002,OLEO SEMI BRILLO 1/4 GALON,0
PCA106BLANC02,ANTICORROSIVO ESTRUCTURAL BLANCO,1.5,kg,11,cm,11,cm,13,cm,1573,cm³,6,6,1/4 GL,1/4 Galon,Display,6,Medio Pallet,228,Pallet,450,Pintura para Metales,Color,BLANCO,PCA106BLANC02,ANTICORROSIVO ESTRUCTURAL 1/4 GALON,0
PCA106GRIS002,ANTICORROSIVO ESTRUCTURAL GRIS,1.5,kg,11,cm,11,cm,13,cm,1573,cm³,6,6,1/4 GL,1/4 Galon,Display,6,Medio Pallet,228,Pallet,450,Pintura para Metales,Color,GRIS,PCA106BLANC02,ANTICORROSIVO ESTRUCTURAL 1/4 GALON,1
PCA106NEGRO02,ANTICORROSIVO ESTRUCTURAL NEGRO,1.5,kg,11,cm,11,cm,13,cm,1573,cm³,6,6,1/4 GL,1/4 Galon,Display,6,Medio Pallet,228,Pallet,450,Pintura para Metales,Color,NEGRO,PCA106BLANC02,ANTICORROSIVO ESTRUCTURAL 1/4 GALON,2
PCA106ROJO002,ANTICORROSIVO ESTRUCTURAL ROJO,1.5,kg,11,cm,11,cm,13,cm,1573,cm³,6,6,1/4 GL,1/4 Galon,Display,6,Medio Pallet,228,Pallet,450,Pintura para Metales,Color,ROJO,PCA106BLANC02,ANTICORROSIVO ESTRUCTURAL 1/4 GALON,3
PCA106VERDE02,ANTICORROSIVO ESTRUCTURAL VERDE,1.5,kg,11,cm,11,cm,13,cm,1573,cm³,6,6,1/4 GL,1/4 Galon,Display,6,Medio Pallet,228,Pallet,450,Pintura para Metales,Color,VERDE,PCA106BLANC02,ANTICORROSIVO ESTRUCTURAL 1/4 GALON,4
PCA910BLANC02,OLEO OPACO BLANCO,1.5,kg,11,cm,11,cm,13,cm,1573,cm³,6,6,1/4 GL,1/4 Galon,Display,6,Medio Pallet,228,Pallet,450,Oleo,Color,BLANCO,PCA910BLANC02,OLEO OPACO 1/4 GALON,0
PCA920AGUINC2,SELLADOR HIDROREPELENTE PARA MADERAS INCOLORO,1.5,kg,11,cm,11,cm,13,cm,1573,cm³,6,6,1/4 GL,1/4 Galon,Display,6,Medio Pallet,228,Pallet,450,Barnices,Color,INCOLORO,PCA920AGUINC2,SELLADOR HIDROREPELENTE PARA MADERAS 1/4 GALON,0
PCA960ECOPAC2,ESMALTE AL AGUA COPPER  AZUL COLONIAL,1.5,kg,11,cm,11,cm,13,cm,1573,cm³,6,6,1/4 GL,1/4 Galon,Display,6,Medio Pallet,228,Pallet,450,Esmalte al Agua,Color,AZUL COLONIAL,PCA960ECOPPBL2,ESMALTE AL AGUA COPPER 1/4 GALON,2
PCA960ECOPAT2,ESMALTE AL AGUA COPPER AMARILLO TOPACIO,1.5,kg,11,cm,11,cm,13,cm,1573,cm³,6,6,1/4 GL,1/4 Galon,Display,6,Medio Pallet,228,Pallet,450,Esmalte al Agua,Color,AMARILLO TOPACIO,PCA960ECOPPBL2,ESMALTE AL AGUA COPPER 1/4 GALON,3
PCA960ECOPBE2,ESMALTE AL AGUA COPPER BOSQUE ENCANTADO,1.5,kg,11,cm,11,cm,13,cm,1573,cm³,6,6,1/4 GL,1/4 Galon,Display,6,Medio Pallet,228,Pallet,450,Esmalte al Agua,Color,BOSQUE ENCANTADO,PCA960ECOPPBL2,ESMALTE AL AGUA COPPER 1/4 GALON,4
PCA960ECOPBI2,ESMALTE AL AGUA COPPER BLANCO INVIERNO,1.5,kg,11,cm,11,cm,13,cm,1573,cm³,6,6,1/4 GL,1/4 Galon,Display,6,Medio Pallet,228,Pallet,450,Esmalte al Agua,Color,BLANCO INVIERNO,PCA960ECOPPBL2,ESMALTE AL AGUA COPPER 1/4 GALON,5
PCA960ECOPBN2,ESMALTE AL AGUA COPPER BLANCO NACAR,1.5,kg,11,cm,11,cm,13,cm,1573,cm³,6,6,1/4 GL,1/4 Galon,Display,6,Medio Pallet,228,Pallet,450,Esmalte al Agua,Color,BLANCO NACAR,PCA960ECOPPBL2,ESMALTE AL AGUA COPPER 1/4 GALON,6
PCA960ECOPBV2,ESMALTE AL AGUA COPPER BUENAS VIBRAS,1.5,kg,11,cm,11,cm,13,cm,1573,cm³,6,6,1/4 GL,1/4 Galon,Display,6,Medio Pallet,228,Pallet,450,Esmalte al Agua,Color,BUENAS VIBRAS,PCA960ECOPPBL2,ESMALTE AL AGUA COPPER 1/4 GALON,7
PCA960ECOPCA2,ESMALTE AL AGUA COPPER  CENIZA ACTIVA,1.5,kg,11,cm,11,cm,13,cm,1573,cm³,6,6,1/4 GL,1/4 Galon,Display,6,Medio Pallet,228,Pallet,450,Esmalte al Agua,Color,CENIZA ACTIVA,PCA960ECOPPBL2,ESMALTE AL AGUA COPPER 1/4 GALON,8
PCA960ECOPCC2,ESMALTE AL AGUA COPPER CALIDA CALMA,1.5,kg,11,cm,11,cm,13,cm,1573,cm³,6,6,1/4 GL,1/4 Galon,Display,6,Medio Pallet,228,Pallet,450,Esmalte al Agua,Color,CALIDA CALMA,PCA960ECOPPBL2,ESMALTE AL AGUA COPPER 1/4 GALON,9
PCA960ECOPDA2,ESMALTE AL AGUA COPPER DAMASCO,1.5,kg,11,cm,11,cm,13,cm,1573,cm³,6,6,1/4 GL,1/4 Galon,Display,6,Medio Pallet,228,Pallet,450,Esmalte al Agua,Color,DAMASCO,PCA960ECOPPBL2,ESMALTE AL AGUA COPPER 1/4 GALON,10
PCA960ECOPGA2,ESMALTE AL AGUA COPPER GLACIAR AUSTRAL,1.5,kg,11,cm,11,cm,13,cm,1573,cm³,6,6,1/4 GL,1/4 Galon,Display,6,Medio Pallet,228,Pallet,450,Esmalte al Agua,Color,GLACIAR AUSTRAL,PCA960ECOPPBL2,ESMALTE AL AGUA COPPER 1/4 GALON,11
PCA960ECOPLS2,ESMALTE AL AGUA COPPER LINO SUAVE,1.5,kg,11,cm,11,cm,13,cm,1573,cm³,6,6,1/4 GL,1/4 Galon,Display,6,Medio Pallet,228,Pallet,450,Esmalte al Agua,Color,LINO SUAVE,PCA960ECOPPBL2,ESMALTE AL AGUA COPPER 1/4 GALON,12
PCA960ECOPMC2,ESMALTE AL AGUA COPPER MISTERIO COSMICO,1.5,kg,11,cm,11,cm,13,cm,1573,cm³,6,6,1/4 GL,1/4 Galon,Display,6,Medio Pallet,228,Pallet,450,Esmalte al Agua,Color,MISTERIO COSMICO,PCA960ECOPPBL2,ESMALTE AL AGUA COPPER 1/4 GALON,13
PCA960ECOPNE2,ESMALTE AL AGUA COPPER NEGRO,1.5,kg,11,cm,11,cm,13,cm,1573,cm³,6,6,1/4 GL,1/4 Galon,Display,6,Medio Pallet,228,Pallet,450,Esmalte al Agua,Color,NEGRO,PCA960ECOPPBL2,ESMALTE AL AGUA COPPER 1/4 GALON,14
PCA960ECOPPI2,ESMALTE AL AGUA COPPER PISTACHO,1.5,kg,11,cm,11,cm,13,cm,1573,cm³,6,6,1/4 GL,1/4 Galon,Display,6,Medio Pallet,228,Pallet,450,Esmalte al Agua,Color,PISTACHO,PCA960ECOPPBL2,ESMALTE AL AGUA COPPER 1/4 GALON,15
PCA960ECOPRC2,ESMALTE AL AGUA COPPER ROJO COLONIAL,1.5,kg,11,cm,11,cm,13,cm,1573,cm³,6,6,1/4 GL,1/4 Galon,Display,6,Medio Pallet,228,Pallet,450,Esmalte al Agua,Color,ROJO COLONIAL,PCA960ECOPPBL2,ESMALTE AL AGUA COPPER 1/4 GALON,16
PCA960ECOPRJ2,ESMALTE AL AGUA COPPER ROJO JAPON,1.5,kg,11,cm,11,cm,13,cm,1573,cm³,6,6,1/4 GL,1/4 Galon,Display,6,Medio Pallet,228,Pallet,450,Esmalte al Agua,Color,ROJO JAPON,PCA960ECOPPBL2,ESMALTE AL AGUA COPPER 1/4 GALON,17
PCA960ECOPRT2,ESMALTE AL AGUA COPPER ROSADO TULIPAN,1.5,kg,11,cm,11,cm,13,cm,1573,cm³,6,6,1/4 GL,1/4 Galon,Display,6,Medio Pallet,228,Pallet,450,Esmalte al Agua,Color,ROSADO TULIPAN,PCA960ECOPPBL2,ESMALTE AL AGUA COPPER 1/4 GALON,18
PCA960ECOPSM2,ESMALTE AL AGUA COPPER SUR MAGICO,1.5,kg,11,cm,11,cm,13,cm,1573,cm³,6,6,1/4 GL,1/4 Galon,Display,6,Medio Pallet,228,Pallet,450,Esmalte al Agua,Color,SUR MAGICO,PCA960ECOPPBL2,ESMALTE AL AGUA COPPER 1/4 GALON,19
PCA960ECOPTC2,ESMALTE AL AGUA COPPER TOQUE CREATIVO,1.5,kg,11,cm,11,cm,13,cm,1573,cm³,6,6,1/4 GL,1/4 Galon,Display,6,Medio Pallet,228,Pallet,450,Esmalte al Agua,Color,TOQUE CREATIVO,PCA960ECOPPBL2,ESMALTE AL AGUA COPPER 1/4 GALON,20
PCA960EXOPAR2,ESMALTE AL AGUA COPPER AMARILLO REY,1.5,kg,11,cm,11,cm,13,cm,1573,cm³,6,6,1/4 GL,1/4 Galon,Display,6,Medio Pallet,228,Pallet,450,Esmalte al Agua,Color,AMARILLO REY,PCA960ECOPPBL2,ESMALTE AL AGUA COPPER 1/4 GALON,21
PCA901CONST04,LATEX CONSTRUCCION BLANCO ,1.5,kg,11,cm,11,cm,13,cm,1573,cm³,6,6,1/4 GL,1/4 Galon,Display,6,Medio Pallet,228,Pallet,450,Latex,Color,BLANCO,PCA901CONST04,LATEX CONSTRUCCION BALDE,0
PCA960COPPBM5,ESMALTE AL AGUA COPPER BASE MEDIA,30,kg,31,cm,31,cm,37,cm,35557,cm³,1,1,BD5,Balde 5 Galones,Display,1,Medio Pallet,12,Pallet,24,Esmalte al Agua,Color,BASE MEDIA,PCA960ECOPBL5,ESMALTE AL AGUA COPPER BALDE (5GL),3
PCA960ECOPBO5,ESMALTE AL AGUA COPPER BASE OSCURA,30,kg,31,cm,31,cm,37,cm,35557,cm³,1,1,BD5,Balde 5 Galones,Display,1,Medio Pallet,12,Pallet,24,Esmalte al Agua,Color,BASE OSCURA,PCA960ECOPBL5,ESMALTE AL AGUA COPPER BALDE (5GL),2
PCA108INCO001,ESMALTE ANTICORROSIVO DOBLE ACCION INCOLORO,7,kg,16,cm,16,cm,22,cm,5632,cm³,4,4,GL,Galon,Display,4,Medio Pallet,72,Pallet,144,Pintura para Metales,Color,INCOLORO,PCA108BLAN001,ESMALTE ANTICORROSIVO DOBLE ACCION GALON,5
PCA960COPPBM1,ESMALTE AL AGUA COPPER BASE MEDIA,7,kg,16,cm,16,cm,22,cm,5632,cm³,4,4,GL,Galon,Display,4,Medio Pallet,72,Pallet,144,Esmalte al Agua,Color,BASE MEDIA,PCA960COPPBL1,ESMALTE AL AGUA COPPER GALON,23
PCA960ECOPBO1,ESMALTE AL AGUA COPPER BASE OSCURA,7,kg,16,cm,16,cm,22,cm,5632,cm³,4,4,GL,Galon,Display,4,Medio Pallet,72,Pallet,144,Esmalte al Agua,Color,BASE OSCURA,PCA960COPPBL1,ESMALTE AL AGUA COPPER GALON,22
PCA960ECONE5,ESMALTE AL AGUA COPPER NEGRO,30,kg,31,cm,31,cm,37,cm,35557,cm³,1,1,BD5,Balde 5 Galones,Display,1,Medio Pallet,18,Pallet,24,Esmalte al Agua,Color,NEGRO,PCA960ECOPBL5,ESMALTE AL AGUA COPPER BALDE (5GL),1
PCA960ECOPBL5,ESMALTE AL AGUA COPPER BLANCO,30,kg,31,cm,31,cm,37,cm,35557,cm³,1,1,BD5,Balde 5 Galones,Display,1,Medio Pallet,18,Pallet,24,Esmalte al Agua,Color,BLANCO,PCA960ECOPBL5,ESMALTE AL AGUA COPPER BALDE (5GL),0
PCAEXTRACUB06,LATEX SUPER CUBRIENTE BLANCO,25,kg,31,cm,31,cm,30,cm,29.01,cm³,1,1,BD4,Balde 4 Galones,Display,1,Medio Pallet,18,Pallet,36,Latex,Color,BLANCO,PCAEXTRACUB06,LATEX SUPER CUBRIENTE BALDE,0
PCA103MADPLU1,VITROPLUS INCOLORO ,7,kg,16,cm,16,cm,22,cm,5632,cm³,4,4,GL,Galon,Display,4,Medio Pallet,72,Pallet,144,Barnices,Color,INCOLORO,PCA103MADPLU1,VITROPLUS GALON,0
PCA108BLAN001,ESMALTE ANTICORROSIVO DOBLE ACCION BLANCO,7,kg,16,cm,16,cm,22,cm,5632,cm³,4,4,GL,Galon,Display,4,Medio Pallet,72,Pallet,144,Pintura para Metales,Color,BLANCO,PCA108BLAN001,ESMALTE ANTICORROSIVO DOBLE ACCION GALON,0
PCA108GRIS001,ESMALTE ANTICORROSIVO DOBLE ACCION GRIS,7,kg,16,cm,16,cm,22,cm,5632,cm³,4,4,GL,Galon,Display,4,Medio Pallet,72,Pallet,144,Pintura para Metales,Color,GRIS,PCA108BLAN001,ESMALTE ANTICORROSIVO DOBLE ACCION GALON,1
PCA108NEGR001,ESMALTE ANTICORROSIVO DOBLE ACCION NEGRO,7,kg,16,cm,16,cm,22,cm,5632,cm³,4,4,GL,Galon,Display,4,Medio Pallet,72,Pallet,144,Pintura para Metales,Color,NEGRO,PCA108BLAN001,ESMALTE ANTICORROSIVO DOBLE ACCION GALON,2
PCA108ROJO001,ESMALTE ANTICORROSIVO DOBLE ACCION ROJO,7,kg,16,cm,16,cm,22,cm,5632,cm³,4,4,GL,Galon,Display,4,Medio Pallet,72,Pallet,144,Pintura para Metales,Color,ROJO,PCA108BLAN001,ESMALTE ANTICORROSIVO DOBLE ACCION GALON,3
PCA108VERDE01,ESMALTE ANTICORROSIVO DOBLE ACCION VERDE,7,kg,16,cm,16,cm,22,cm,5632,cm³,4,4,GL,Galon,Display,4,Medio Pallet,72,Pallet,144,Pintura para Metales,Color,VERDE,PCA108BLAN001,ESMALTE ANTICORROSIVO DOBLE ACCION GALON,4
PCA113NEGRO01,STAIN  NEGRO,7,kg,16,cm,16,cm,22,cm,5632,cm³,4,4,GL,Galon,Display,4,Medio Pallet,72,Pallet,144,Barnices,Color,NEGRO,PCA113POLNAT1,STAIN GALON,1
PCA113POLALE1,STAIN  ALERCE,7,kg,16,cm,16,cm,22,cm,5632,cm³,4,4,GL,Galon,Display,4,Medio Pallet,72,Pallet,144,Barnices,Color,ALERCE,PCA113POLNAT1,STAIN GALON,2
PCA113POLARB1,STAIN  ARBOLEDA,7,kg,16,cm,16,cm,22,cm,5632,cm³,4,4,GL,Galon,Display,4,Medio Pallet,72,Pallet,144,Barnices,Color,ARBOLEDA,PCA113POLNAT1,STAIN GALON,3
PCA113POLCAO1,STAIN  CAOBA,7,kg,16,cm,16,cm,22,cm,5632,cm³,4,4,GL,Galon,Display,4,Medio Pallet,72,Pallet,144,Barnices,Color,CAOBA,PCA113POLNAT1,STAIN GALON,4
PCA113POLCAS1,STAIN  CASTAÑO,7,kg,16,cm,16,cm,22,cm,5632,cm³,4,4,GL,Galon,Display,4,Medio Pallet,72,Pallet,144,Barnices,Color,CASTAÑO,PCA113POLNAT1,STAIN GALON,5
PCA113POLENC1,STAIN  ENCINA,7,kg,16,cm,16,cm,22,cm,5632,cm³,4,4,GL,Galon,Display,4,Medio Pallet,72,Pallet,144,Barnices,Color,ENCINA,PCA113POLNAT1,STAIN GALON,6
PCA113POLNAT1,STAIN  NATURAL,7,kg,16,cm,16,cm,22,cm,5632,cm³,4,4,GL,Galon,Display,4,Medio Pallet,72,Pallet,144,Barnices,Color,NATURAL,PCA113POLNAT1,STAIN GALON,0
PCA113POLNOG1,STAIN  NOGAL,7,kg,16,cm,16,cm,22,cm,5632,cm³,4,4,GL,Galon,Display,4,Medio Pallet,72,Pallet,144,Barnices,Color,NOGAL,PCA113POLNAT1,STAIN GALON,7
PCA113POLORE1,STAIN  PINO OREGON,7,kg,16,cm,16,cm,22,cm,5632,cm³,4,4,GL,Galon,Display,4,Medio Pallet,72,Pallet,144,Barnices,Color,PINO OREGON,PCA113POLNAT1,STAIN GALON,8
PCA113POLPAR1,STAIN  PALO ROSA,7,kg,16,cm,16,cm,22,cm,5632,cm³,4,4,GL,Galon,Display,4,Medio Pallet,72,Pallet,144,Barnices,Color,PALO ROSA,PCA113POLNAT1,STAIN GALON,9
PCA113POLROB1,STAIN  ROBLE,7,kg,16,cm,16,cm,22,cm,5632,cm³,4,4,GL,Galon,Display,4,Medio Pallet,72,Pallet,144,Barnices,Color,ROBLE,PCA113POLNAT1,STAIN GALON,10
PCA113POLVER1,STAIN  VERDE,7,kg,16,cm,16,cm,22,cm,5632,cm³,4,4,GL,Galon,Display,4,Medio Pallet,72,Pallet,144,Barnices,Color,VERDE,PCA113POLNAT1,STAIN GALON,11
PCA960CAFEMO1,ESMALTE AL AGUA COPPER CAFE,7,kg,16,cm,16,cm,22,cm,5632,cm³,4,4,GL,Galon,Display,4,Medio Pallet,72,Pallet,144,Esmalte al Agua,Color,CAFE,PCA960COPPBL1,ESMALTE AL AGUA COPPER GALON,21
PCA960COPPBL1,ESMALTE AL AGUA COPPER BLANCO,7,kg,16,cm,16,cm,22,cm,5632,cm³,4,4,GL,Galon,Display,4,Medio Pallet,72,Pallet,144,Esmalte al Agua,Color,BLANCO,PCA960COPPBL1,ESMALTE AL AGUA COPPER GALON,0
PCA960ECOPAC1,ESMALTE AL AGUA COPPER AZUL COLONIAL,7,kg,16,cm,16,cm,22,cm,5632,cm³,4,4,GL,Galon,Display,4,Medio Pallet,72,Pallet,144,Esmalte al Agua,Color,AZUL COLONIAL,PCA960COPPBL1,ESMALTE AL AGUA COPPER GALON,1
PCA960ECOPAT1,ESMALTE AL AGUA COPPER AMARILLO TOPACIO,7,kg,16,cm,16,cm,22,cm,5632,cm³,4,4,GL,Galon,Display,4,Medio Pallet,72,Pallet,144,Esmalte al Agua,Color,AMARILLO TOPACIO,PCA960COPPBL1,ESMALTE AL AGUA COPPER GALON,2
PCA960ECOPBE1,ESMALTE AL AGUA COPPER BOSQUE ENCANTADO,7,kg,16,cm,16,cm,22,cm,5632,cm³,4,4,GL,Galon,Display,4,Medio Pallet,72,Pallet,144,Esmalte al Agua,Color,BOSQUE ENCANTADO,PCA960COPPBL1,ESMALTE AL AGUA COPPER GALON,3
PCA960ECOPBI1,ESMALTE AL AGUA COPPER BLANCO INVIERNO,7,kg,16,cm,16,cm,22,cm,5632,cm³,4,4,GL,Galon,Display,4,Medio Pallet,72,Pallet,144,Esmalte al Agua,Color,BLANCO INVIERNO,PCA960COPPBL1,ESMALTE AL AGUA COPPER GALON,4
PCA960ECOPBN1,ESMALTE AL AGUA COPPER BLANCO NACAR,7,kg,16,cm,16,cm,22,cm,5632,cm³,4,4,GL,Galon,Display,4,Medio Pallet,72,Pallet,144,Esmalte al Agua,Color,BLANCO NACAR,PCA960COPPBL1,ESMALTE AL AGUA COPPER GALON,5
PCA960ECOPBV1,ESMALTE AL AGUA COPPER BUENAS VIBRAS,7,kg,16,cm,16,cm,22,cm,5632,cm³,4,4,GL,Galon,Display,4,Medio Pallet,72,Pallet,144,Esmalte al Agua,Color,BUENAS VIBRAS,PCA960COPPBL1,ESMALTE AL AGUA COPPER GALON,6
PCA960ECOPCA1,ESMALTE AL AGUA COPPER CENIZA ACTIVA,7,kg,16,cm,16,cm,22,cm,5632,cm³,4,4,GL,Galon,Display,4,Medio Pallet,72,Pallet,144,Esmalte al Agua,Color,CENIZA ACTIVA,PCA960COPPBL1,ESMALTE AL AGUA COPPER GALON,7
PCA960ECOPCC1,ESMALTE AL AGUA COPPER CALIDA CALMA,7,kg,16,cm,16,cm,22,cm,5632,cm³,4,4,GL,Galon,Display,4,Medio Pallet,72,Pallet,144,Esmalte al Agua,Color,CALIDA CALMA,PCA960COPPBL1,ESMALTE AL AGUA COPPER GALON,8
PCA960ECOPDA1,ESMALTE AL AGUA COPPER DAMASCO,7,kg,16,cm,16,cm,22,cm,5632,cm³,4,4,GL,Galon,Display,4,Medio Pallet,72,Pallet,144,Esmalte al Agua,Color,DAMASCO,PCA960COPPBL1,ESMALTE AL AGUA COPPER GALON,9
PCA960ECOPGA1,ESMALTE AL AGUA COPPER GLACIAR AUSTRAL,7,kg,16,cm,16,cm,22,cm,5632,cm³,4,4,GL,Galon,Display,4,Medio Pallet,72,Pallet,144,Esmalte al Agua,Color,GLACIAR AUSTRAL,PCA960COPPBL1,ESMALTE AL AGUA COPPER GALON,10
PCA960ECOPLS1,ESMALTE AL AGUA COPPER LINO SUAVE,7,kg,16,cm,16,cm,22,cm,5632,cm³,4,4,GL,Galon,Display,4,Medio Pallet,72,Pallet,144,Esmalte al Agua,Color,LINO SUAVE,PCA960COPPBL1,ESMALTE AL AGUA COPPER GALON,11
PCA960ECOPMC1,ESMALTE AL AGUA COPPER MISTERIO COSMICO,7,kg,16,cm,16,cm,22,cm,5632,cm³,4,4,GL,Galon,Display,4,Medio Pallet,72,Pallet,144,Esmalte al Agua,Color,MISTERIO COSMICO,PCA960COPPBL1,ESMALTE AL AGUA COPPER GALON,12
PCA960ECOPNE1,ESMALTE AL AGUA COPPER NEGRO,7,kg,16,cm,16,cm,22,cm,5632,cm³,4,4,GL,Galon,Display,4,Medio Pallet,72,Pallet,144,Esmalte al Agua,Color,NEGRO,PCA960COPPBL1,ESMALTE AL AGUA COPPER GALON,13
PCA960ECOPPI1,ESMALTE AL AGUA COPPER PISTACHO,7,kg,16,cm,16,cm,22,cm,5632,cm³,4,4,GL,Galon,Display,4,Medio Pallet,72,Pallet,144,Esmalte al Agua,Color,PISTACHO,PCA960COPPBL1,ESMALTE AL AGUA COPPER GALON,14
PCA960ECOPRC1,ESMALTE AL AGUA COPPER ROJO COLONIAL,7,kg,16,cm,16,cm,22,cm,5632,cm³,4,4,GL,Galon,Display,4,Medio Pallet,72,Pallet,144,Esmalte al Agua,Color,ROJO COLONIAL,PCA960COPPBL1,ESMALTE AL AGUA COPPER GALON,15
PCA960ECOPRJ1,ESMALTE AL AGUA COPPER ROJO JAPON,7,kg,16,cm,16,cm,22,cm,5632,cm³,4,4,GL,Galon,Display,4,Medio Pallet,72,Pallet,144,Esmalte al Agua,Color,ROJO JAPON,PCA960COPPBL1,ESMALTE AL AGUA COPPER GALON,16
PCA960ECOPRT1,ESMALTE AL AGUA COPPER ROSADO TULIPAN,7,kg,16,cm,16,cm,22,cm,5632,cm³,4,4,GL,Galon,Display,4,Medio Pallet,72,Pallet,144,Esmalte al Agua,Color,ROSADO TULIPAN,PCA960COPPBL1,ESMALTE AL AGUA COPPER GALON,17
PCA960ECOPSM1,ESMALTE AL AGUA COPPER SUR MAGICO,7,kg,16,cm,16,cm,22,cm,5632,cm³,4,4,GL,Galon,Display,4,Medio Pallet,72,Pallet,144,Esmalte al Agua,Color,SUR MAGICO,PCA960COPPBL1,ESMALTE AL AGUA COPPER GALON,18
PCA960ECOPTC1,ESMALTE AL AGUA COPPER TOQUE CREATIVO,7,kg,16,cm,16,cm,22,cm,5632,cm³,4,4,GL,Galon,Display,4,Medio Pallet,72,Pallet,144,Esmalte al Agua,Color,TOQUE CREATIVO,PCA960COPPBL1,ESMALTE AL AGUA COPPER GALON,19
PCA960EXOPAR1,ESMALTE AL AGUA COPPER AMARILLO REY,7,kg,16,cm,16,cm,22,cm,5632,cm³,4,4,GL,Galon,Display,4,Medio Pallet,72,Pallet,144,Esmalte al Agua,Color,AMARILLO REY,PCA960COPPBL1,ESMALTE AL AGUA COPPER GALON,20